EMP_ID,DEPT,ROLE,ACCESS_TIME,DEVICE_TRUST,RESOURCE_ID,RESOURCE_TYPE,SENSITIVITY_LEVEL,ACTION
1001,IT,Developer,Evening,Trusted,res328,File Server,High,0
1002,R&D,Developer,Night,Trusted,res130,Database,Low,0
1003,R&D,Developer,Afternoon,Untrusted,res325,Cloud App,High,0
1004,Finance,Consultant,Morning,Trusted,res814,Cloud App,Medium,0
1005,HR,Consultant,Evening,Trusted,res194,Cloud App,Low,0
1006,Finance,Engineer,Evening,Trusted,res847,Cloud App,High,0
1007,Operations,Developer,Evening,Untrusted,res691,File Server,High,0
1008,IT,Developer,Afternoon,Untrusted,res181,File Server,Low,0
1009,Operations,Support,Evening,Trusted,res479,Email System,Low,1
1010,IT,Engineer,Afternoon,Trusted,res267,Cloud App,Medium,0
1011,R&D,Manager,Evening,Trusted,res334,Database,Medium,1
1012,Operations,Analyst,Morning,Trusted,res680,Email System,Low,1
1013,Operations,Support,Night,Trusted,res371,File Server,Low,1
1014,R&D,Analyst,Night,Untrusted,res470,File Server,Low,1
1015,IT,Consultant,Morning,Trusted,res256,File Server,High,1
1016,IT,Admin,Night,Untrusted,res641,Email System,High,0
1017,IT,Support,Morning,Untrusted,res887,Email System,Low,0
1018,HR,Admin,Morning,Untrusted,res612,File Server,High,0
1019,IT,Consultant,Evening,Trusted,res256,Email System,Low,1
1020,R&D,Developer,Evening,Untrusted,res119,Database,Medium,1
1021,Finance,Manager,Morning,Trusted,res999,Database,Low,1
1022,Operations,Consultant,Morning,Trusted,res231,Cloud App,High,0
1023,R&D,Consultant,Night,Trusted,res652,File Server,High,0
1024,Finance,Admin,Night,Trusted,res353,File Server,Low,1
1025,Finance,Developer,Afternoon,Trusted,res107,Database,High,1
1026,HR,Developer,Morning,Untrusted,res172,File Server,Medium,1
1027,HR,Engineer,Afternoon,Untrusted,res348,Cloud App,Medium,0
1028,IT,Support,Night,Untrusted,res533,Cloud App,Medium,1
1029,IT,Support,Morning,Trusted,res512,Email System,Low,0
1030,HR,Engineer,Night,Trusted,res532,File Server,Medium,1
1031,IT,Admin,Morning,Trusted,res767,Database,Low,1
1032,HR,Manager,Night,Untrusted,res592,File Server,Medium,1
1033,IT,Manager,Night,Trusted,res499,Email System,Medium,1
1034,Finance,Admin,Night,Trusted,res294,Email System,Low,1
1035,IT,Engineer,Morning,Untrusted,res158,Database,High,0
1036,Operations,Engineer,Afternoon,Trusted,res620,Database,Low,0
1037,IT,Support,Afternoon,Untrusted,res222,File Server,High,0
1038,R&D,Developer,Morning,Untrusted,res773,Email System,Medium,0
1039,Finance,Manager,Evening,Untrusted,res234,Email System,Medium,1
1040,Finance,Consultant,Morning,Trusted,res569,Database,Low,1
1041,R&D,Analyst,Afternoon,Untrusted,res170,File Server,Medium,0
1042,Operations,Consultant,Evening,Trusted,res783,Email System,High,0
1043,HR,Analyst,Morning,Trusted,res860,File Server,Medium,0
1044,HR,Support,Evening,Trusted,res803,Email System,High,1
1045,IT,Developer,Night,Untrusted,res145,Database,Medium,1
1046,Finance,Manager,Night,Untrusted,res674,Database,Low,1
1047,IT,Support,Afternoon,Trusted,res954,Email System,High,1
1048,Operations,Manager,Morning,Untrusted,res473,Database,Medium,1
1049,HR,Support,Afternoon,Trusted,res462,Cloud App,High,1
1050,HR,Consultant,Afternoon,Trusted,res522,Database,Low,1
1051,Finance,Consultant,Night,Trusted,res373,File Server,High,0
1052,IT,Consultant,Night,Trusted,res304,Cloud App,Medium,0
1053,HR,Manager,Morning,Trusted,res508,Email System,Medium,1
1054,IT,Consultant,Evening,Untrusted,res756,Cloud App,High,0
1055,R&D,Analyst,Morning,Trusted,res998,Email System,Low,1
1056,Finance,Developer,Morning,Untrusted,res453,Email System,Medium,1
1057,R&D,Developer,Night,Trusted,res360,Database,High,1
1058,R&D,Consultant,Afternoon,Untrusted,res541,Database,High,0
1059,Finance,Engineer,Evening,Trusted,res837,Email System,High,0
1060,Operations,Analyst,Night,Untrusted,res667,File Server,Low,1
1061,Operations,Support,Afternoon,Untrusted,res515,Database,Medium,0
1062,Operations,Consultant,Evening,Untrusted,res552,Cloud App,High,0
1063,HR,Engineer,Night,Trusted,res774,Database,Medium,1
1064,R&D,Analyst,Morning,Trusted,res788,Email System,Low,1
1065,HR,Developer,Morning,Trusted,res586,Database,Medium,1
1066,R&D,Manager,Night,Untrusted,res509,File Server,Low,1
1067,IT,Consultant,Morning,Untrusted,res324,File Server,High,0
1068,R&D,Admin,Morning,Trusted,res968,Database,Medium,1
1069,HR,Consultant,Night,Untrusted,res873,Cloud App,High,0
1070,R&D,Admin,Night,Trusted,res861,Cloud App,Medium,1
1071,Finance,Consultant,Afternoon,Untrusted,res884,Cloud App,High,0
1072,HR,Analyst,Night,Trusted,res830,Email System,Low,0
1073,Finance,Engineer,Morning,Trusted,res254,File Server,Medium,1
1074,HR,Developer,Night,Untrusted,res438,Cloud App,Medium,0
1075,Operations,Admin,Morning,Untrusted,res588,Database,Medium,1
1076,Finance,Consultant,Night,Untrusted,res651,File Server,Medium,0
1077,Operations,Admin,Morning,Untrusted,res444,Cloud App,High,0
1078,HR,Consultant,Night,Trusted,res737,Database,Medium,1
1079,IT,Developer,Night,Trusted,res987,Cloud App,Low,0
1080,Operations,Analyst,Afternoon,Untrusted,res434,Email System,Medium,0
1081,Operations,Analyst,Morning,Untrusted,res119,Database,Medium,0
1082,IT,Consultant,Morning,Trusted,res353,File Server,Low,1
1083,HR,Manager,Night,Trusted,res677,File Server,Medium,1
1084,Finance,Consultant,Evening,Trusted,res720,Database,Low,1
1085,IT,Engineer,Morning,Untrusted,res689,Cloud App,Medium,1
1086,HR,Developer,Afternoon,Trusted,res813,Email System,High,1
1087,IT,Consultant,Morning,Untrusted,res645,Cloud App,High,0
1088,Finance,Developer,Evening,Trusted,res969,Cloud App,Medium,0
1089,Finance,Support,Night,Trusted,res545,File Server,High,1
1090,Finance,Engineer,Night,Untrusted,res546,Email System,Medium,1
1091,IT,Analyst,Night,Trusted,res868,Cloud App,High,1
1092,Operations,Analyst,Morning,Untrusted,res971,Email System,Low,1
1093,Finance,Consultant,Evening,Untrusted,res386,Email System,High,0
1094,IT,Engineer,Afternoon,Trusted,res347,Cloud App,Medium,1
1095,HR,Support,Night,Untrusted,res558,Database,Low,0
1096,Operations,Support,Afternoon,Untrusted,res779,Email System,Medium,1
1097,Finance,Admin,Evening,Untrusted,res819,Cloud App,Medium,1
1098,Finance,Analyst,Afternoon,Trusted,res838,File Server,Medium,0
1099,R&D,Consultant,Afternoon,Trusted,res321,Cloud App,Medium,1
1100,R&D,Engineer,Evening,Trusted,res952,File Server,Medium,0
1101,HR,Analyst,Morning,Trusted,res380,Database,Low,1
1102,HR,Support,Night,Trusted,res993,Database,High,0
1103,Operations,Admin,Evening,Trusted,res152,Email System,Medium,1
1104,IT,Consultant,Morning,Untrusted,res603,Database,High,0
1105,IT,Manager,Afternoon,Untrusted,res187,File Server,Low,1
1106,R&D,Consultant,Night,Trusted,res894,Cloud App,Medium,1
1107,Finance,Consultant,Night,Untrusted,res682,Database,High,0
1108,IT,Consultant,Afternoon,Trusted,res370,Database,Low,0
1109,R&D,Developer,Afternoon,Trusted,res518,Cloud App,High,1
1110,Finance,Developer,Afternoon,Untrusted,res823,Email System,High,0
1111,Operations,Developer,Afternoon,Untrusted,res906,File Server,Medium,0
1112,HR,Support,Afternoon,Untrusted,res946,File Server,Low,0
1113,Finance,Engineer,Evening,Untrusted,res227,Cloud App,High,0
1114,Finance,Support,Night,Untrusted,res612,Cloud App,Medium,0
1115,IT,Admin,Evening,Untrusted,res126,Database,Low,1
1116,R&D,Engineer,Morning,Untrusted,res690,Database,Low,1
1117,Operations,Analyst,Afternoon,Untrusted,res750,Cloud App,Low,1
1118,Operations,Analyst,Evening,Trusted,res978,File Server,Medium,1
1119,Operations,Analyst,Night,Trusted,res565,Database,Medium,0
1120,IT,Consultant,Night,Trusted,res773,Cloud App,Medium,0
1121,R&D,Analyst,Night,Untrusted,res878,Database,Low,0
1122,HR,Analyst,Night,Untrusted,res224,Database,High,0
1123,R&D,Consultant,Afternoon,Trusted,res418,Database,High,1
1124,HR,Consultant,Morning,Untrusted,res220,File Server,Medium,1
1125,Finance,Engineer,Evening,Untrusted,res954,Cloud App,Medium,0
1126,R&D,Manager,Night,Trusted,res713,File Server,Low,1
1127,Finance,Consultant,Night,Untrusted,res906,Email System,Low,0
1128,Finance,Consultant,Night,Trusted,res557,Cloud App,Medium,0
1129,R&D,Admin,Night,Untrusted,res990,File Server,High,0
1130,HR,Engineer,Night,Trusted,res976,Cloud App,Low,0
1131,Operations,Support,Night,Untrusted,res779,File Server,Medium,1
1132,HR,Engineer,Evening,Trusted,res995,Cloud App,Low,1
1133,Operations,Developer,Afternoon,Untrusted,res991,File Server,Low,1
1134,Finance,Analyst,Night,Trusted,res972,Email System,High,1
1135,Operations,Analyst,Night,Trusted,res732,Database,Low,1
1136,Finance,Manager,Morning,Untrusted,res200,Database,Medium,1
1137,HR,Support,Evening,Trusted,res147,Email System,Low,0
1138,Finance,Admin,Afternoon,Trusted,res643,Cloud App,High,1
1139,HR,Manager,Afternoon,Trusted,res724,Cloud App,High,1
1140,Operations,Engineer,Afternoon,Trusted,res572,Email System,Medium,0
1141,IT,Consultant,Night,Untrusted,res793,File Server,Low,1
1142,Finance,Engineer,Evening,Untrusted,res806,Email System,Medium,1
1143,HR,Admin,Night,Trusted,res342,Cloud App,High,0
1144,Finance,Support,Evening,Trusted,res949,Cloud App,Medium,0
1145,IT,Engineer,Night,Untrusted,res894,File Server,High,0
1146,Finance,Manager,Afternoon,Untrusted,res794,File Server,High,0
1147,IT,Support,Morning,Untrusted,res907,Cloud App,Low,1
1148,HR,Developer,Evening,Untrusted,res865,Cloud App,Low,0
1149,R&D,Analyst,Evening,Trusted,res363,Cloud App,Medium,1
1150,Finance,Consultant,Morning,Untrusted,res177,File Server,Low,1
1151,Operations,Consultant,Evening,Trusted,res909,Cloud App,Low,0
1152,IT,Admin,Evening,Untrusted,res698,Cloud App,High,0
1153,Finance,Developer,Afternoon,Untrusted,res125,Email System,High,0
1154,HR,Support,Morning,Untrusted,res817,Email System,High,0
1155,Operations,Developer,Afternoon,Trusted,res138,Email System,Medium,0
1156,HR,Engineer,Afternoon,Untrusted,res564,Email System,High,0
1157,R&D,Admin,Afternoon,Untrusted,res770,Database,Medium,1
1158,R&D,Admin,Evening,Trusted,res806,Email System,Low,1
1159,Operations,Admin,Afternoon,Untrusted,res201,Email System,High,0
1160,Finance,Developer,Night,Untrusted,res294,Database,Medium,0
1161,HR,Support,Morning,Trusted,res905,Email System,Low,1
1162,R&D,Manager,Morning,Trusted,res700,File Server,Low,1
1163,Finance,Consultant,Afternoon,Trusted,res383,File Server,Low,1
1164,HR,Developer,Morning,Trusted,res115,Email System,Low,1
1165,IT,Manager,Evening,Trusted,res229,Cloud App,High,0
1166,IT,Admin,Night,Untrusted,res625,Database,Medium,1
1167,R&D,Manager,Morning,Untrusted,res569,Database,Low,1
1168,Operations,Consultant,Night,Untrusted,res802,Database,Medium,1
1169,Operations,Developer,Morning,Untrusted,res722,File Server,Low,0
1170,R&D,Support,Evening,Untrusted,res711,Email System,Medium,1
1171,Operations,Developer,Morning,Trusted,res540,Cloud App,Low,1
1172,Operations,Admin,Night,Trusted,res420,Cloud App,Medium,1
1173,Finance,Analyst,Afternoon,Untrusted,res168,Database,Low,0
1174,IT,Support,Evening,Trusted,res669,Database,High,1
1175,R&D,Analyst,Morning,Untrusted,res462,Cloud App,High,0
1176,IT,Analyst,Evening,Untrusted,res206,File Server,Low,1
1177,HR,Consultant,Morning,Untrusted,res965,Email System,Low,1
1178,R&D,Manager,Night,Trusted,res723,Email System,Low,1
1179,HR,Analyst,Evening,Untrusted,res459,Database,Low,1
1180,R&D,Support,Night,Trusted,res245,Database,Low,1
1181,HR,Admin,Night,Untrusted,res449,File Server,Medium,1
1182,Finance,Support,Evening,Trusted,res153,File Server,Low,1
1183,IT,Support,Morning,Untrusted,res553,Cloud App,Medium,1
1184,Operations,Analyst,Afternoon,Trusted,res453,Cloud App,Low,0
1185,R&D,Admin,Evening,Trusted,res325,Cloud App,High,0
1186,HR,Analyst,Afternoon,Trusted,res882,Email System,Medium,0
1187,IT,Admin,Night,Trusted,res232,Cloud App,High,1
1188,R&D,Engineer,Evening,Trusted,res506,Database,Medium,0
1189,IT,Consultant,Evening,Untrusted,res687,Cloud App,High,0
1190,Operations,Analyst,Morning,Untrusted,res121,Email System,Low,1
1191,R&D,Admin,Evening,Trusted,res547,Database,Low,1
1192,Operations,Engineer,Night,Trusted,res505,Email System,High,0
1193,Finance,Consultant,Afternoon,Trusted,res622,Database,High,1
1194,Finance,Analyst,Afternoon,Trusted,res205,File Server,Medium,0
1195,R&D,Manager,Morning,Trusted,res891,Cloud App,Medium,1
1196,R&D,Consultant,Night,Untrusted,res984,Email System,Low,1
1197,Operations,Admin,Evening,Untrusted,res705,Database,Medium,1
1198,R&D,Developer,Evening,Untrusted,res562,Database,Low,0
1199,Finance,Developer,Morning,Untrusted,res573,Database,Medium,1
1200,R&D,Support,Afternoon,Untrusted,res719,Cloud App,High,0
1201,HR,Developer,Night,Trusted,res930,Email System,High,0
1202,HR,Developer,Afternoon,Untrusted,res549,File Server,Medium,0
1203,Finance,Admin,Night,Untrusted,res795,Database,High,0
1204,Finance,Developer,Evening,Trusted,res671,Cloud App,Medium,0
1205,R&D,Consultant,Afternoon,Untrusted,res183,File Server,Medium,0
1206,Operations,Manager,Morning,Untrusted,res672,Cloud App,High,0
1207,Finance,Consultant,Afternoon,Trusted,res761,Cloud App,High,0
1208,Finance,Analyst,Afternoon,Trusted,res449,Cloud App,Low,0
1209,HR,Manager,Morning,Untrusted,res964,Database,High,0
1210,R&D,Consultant,Morning,Untrusted,res997,File Server,High,0
1211,Operations,Manager,Afternoon,Trusted,res951,File Server,High,1
1212,Operations,Analyst,Afternoon,Untrusted,res725,Email System,High,0
1213,Operations,Manager,Afternoon,Untrusted,res928,Cloud App,Low,1
1214,Finance,Support,Night,Untrusted,res887,Email System,Medium,1
1215,Operations,Manager,Afternoon,Trusted,res993,Email System,Low,1
1216,Operations,Consultant,Evening,Trusted,res828,Database,Medium,0
1217,HR,Analyst,Night,Trusted,res950,Cloud App,Low,1
1218,HR,Consultant,Night,Untrusted,res127,Cloud App,Low,0
1219,Finance,Manager,Night,Trusted,res483,File Server,Low,1
1220,Finance,Developer,Evening,Trusted,res240,Database,Medium,1
1221,Operations,Support,Afternoon,Untrusted,res559,Database,Low,0
1222,HR,Consultant,Afternoon,Untrusted,res213,Email System,Low,0
1223,IT,Manager,Night,Untrusted,res164,Database,Medium,1
1224,R&D,Engineer,Morning,Trusted,res835,File Server,Medium,1
1225,R&D,Analyst,Afternoon,Untrusted,res291,Database,High,0
1226,Finance,Developer,Morning,Untrusted,res994,Cloud App,Low,1
1227,Finance,Analyst,Morning,Untrusted,res907,Database,Medium,0
1228,IT,Consultant,Evening,Trusted,res145,Email System,High,0
1229,HR,Consultant,Night,Untrusted,res746,File Server,Low,0
1230,Operations,Developer,Evening,Trusted,res144,File Server,Low,0
1231,Finance,Engineer,Night,Untrusted,res359,Database,High,0
1232,HR,Analyst,Evening,Trusted,res986,Email System,Medium,0
1233,Finance,Admin,Night,Untrusted,res495,Email System,Low,1
1234,Operations,Support,Night,Untrusted,res916,Email System,Low,1
1235,IT,Admin,Afternoon,Untrusted,res428,Database,Low,1
1236,Finance,Support,Evening,Untrusted,res556,Cloud App,Low,1
1237,Finance,Admin,Morning,Untrusted,res729,Cloud App,Medium,1
1238,IT,Developer,Night,Untrusted,res625,File Server,Low,0
1239,R&D,Support,Night,Trusted,res229,Database,Low,1
1240,Finance,Analyst,Night,Trusted,res719,File Server,High,1
1241,Finance,Analyst,Night,Trusted,res687,File Server,High,0
1242,Finance,Support,Evening,Trusted,res216,Database,High,0
1243,R&D,Admin,Morning,Untrusted,res893,Email System,High,0
1244,Operations,Manager,Evening,Untrusted,res304,Database,Low,1
1245,IT,Admin,Afternoon,Untrusted,res189,Email System,High,0
1246,Finance,Support,Morning,Untrusted,res407,File Server,High,0
1247,HR,Consultant,Evening,Trusted,res224,File Server,Low,0
1248,Operations,Developer,Evening,Untrusted,res578,File Server,High,0
1249,IT,Developer,Evening,Untrusted,res834,Cloud App,High,0
1250,Operations,Consultant,Night,Trusted,res228,Email System,High,0
1251,Operations,Support,Evening,Trusted,res999,File Server,Low,1
1252,IT,Consultant,Morning,Trusted,res411,File Server,Low,0
1253,HR,Analyst,Evening,Trusted,res356,File Server,High,1
1254,Finance,Manager,Evening,Trusted,res614,File Server,High,1
1255,HR,Manager,Evening,Trusted,res945,Database,Low,1
1256,IT,Support,Evening,Trusted,res885,Cloud App,High,1
1257,Operations,Support,Evening,Untrusted,res594,File Server,High,0
1258,Operations,Analyst,Night,Trusted,res805,Database,Low,1
1259,Operations,Admin,Afternoon,Untrusted,res721,File Server,Medium,1
1260,Finance,Support,Evening,Untrusted,res233,Email System,High,0
1261,R&D,Developer,Evening,Trusted,res577,Database,Medium,1
1262,HR,Developer,Morning,Untrusted,res493,Cloud App,Low,1
1263,HR,Consultant,Evening,Untrusted,res294,File Server,Medium,1
1264,Operations,Admin,Evening,Untrusted,res123,Database,Medium,1
1265,R&D,Admin,Afternoon,Trusted,res697,Email System,Low,1
1266,IT,Analyst,Night,Untrusted,res392,Database,Low,1
1267,Finance,Support,Evening,Untrusted,res474,Database,Medium,0
1268,R&D,Manager,Evening,Untrusted,res175,Cloud App,High,0
1269,Operations,Consultant,Evening,Trusted,res231,Database,Medium,0
1270,Finance,Engineer,Evening,Trusted,res303,Cloud App,High,0
1271,IT,Manager,Evening,Untrusted,res631,Cloud App,Low,1
1272,R&D,Engineer,Afternoon,Untrusted,res727,Email System,Low,0
1273,R&D,Support,Evening,Untrusted,res619,Cloud App,High,0
1274,R&D,Analyst,Night,Trusted,res477,Email System,High,0
1275,Operations,Engineer,Evening,Trusted,res711,Cloud App,Medium,1
1276,R&D,Engineer,Afternoon,Trusted,res697,Cloud App,Low,1
1277,R&D,Consultant,Night,Trusted,res941,File Server,Low,1
1278,IT,Manager,Morning,Untrusted,res421,Cloud App,Low,1
1279,Operations,Support,Afternoon,Untrusted,res613,Cloud App,High,0
1280,IT,Support,Afternoon,Trusted,res674,Email System,High,1
1281,Operations,Analyst,Afternoon,Untrusted,res645,Email System,High,0
1282,Finance,Support,Evening,Untrusted,res296,File Server,Medium,1
1283,HR,Analyst,Evening,Trusted,res806,Cloud App,Medium,1
1284,R&D,Consultant,Evening,Untrusted,res224,Cloud App,Medium,1
1285,HR,Analyst,Morning,Untrusted,res831,Database,Medium,1
1286,Finance,Support,Night,Trusted,res306,Email System,High,1
1287,HR,Developer,Afternoon,Trusted,res151,File Server,High,0
1288,IT,Admin,Evening,Untrusted,res202,File Server,Low,1
1289,R&D,Manager,Night,Untrusted,res588,File Server,Medium,1
1290,Finance,Analyst,Morning,Trusted,res767,File Server,High,1
1291,IT,Manager,Night,Trusted,res137,Cloud App,Medium,1
1292,HR,Support,Evening,Trusted,res109,Email System,High,1
1293,Finance,Analyst,Night,Untrusted,res237,Cloud App,Medium,0
1294,IT,Analyst,Afternoon,Untrusted,res763,Email System,High,0
1295,HR,Developer,Evening,Untrusted,res681,File Server,Low,1
1296,Operations,Consultant,Night,Untrusted,res188,Cloud App,High,0
1297,IT,Manager,Afternoon,Untrusted,res431,File Server,Low,1
1298,Finance,Admin,Afternoon,Untrusted,res871,Email System,Medium,1
1299,Finance,Engineer,Morning,Untrusted,res769,Email System,High,0
1300,HR,Developer,Morning,Untrusted,res414,File Server,Medium,1
1301,Finance,Support,Morning,Untrusted,res476,File Server,Low,1
1302,Operations,Manager,Night,Untrusted,res525,Cloud App,High,0
1303,HR,Consultant,Afternoon,Trusted,res638,Cloud App,High,1
1304,IT,Engineer,Morning,Trusted,res948,File Server,High,1
1305,HR,Analyst,Night,Trusted,res796,File Server,High,1
1306,IT,Engineer,Night,Trusted,res564,File Server,High,1
1307,R&D,Developer,Night,Untrusted,res840,Database,Medium,0
1308,IT,Support,Afternoon,Trusted,res146,Cloud App,Medium,1
1309,R&D,Developer,Morning,Untrusted,res132,Email System,Medium,0
1310,HR,Consultant,Night,Untrusted,res491,Cloud App,Medium,0
1311,R&D,Manager,Evening,Trusted,res282,Cloud App,High,0
1312,HR,Consultant,Morning,Trusted,res405,Cloud App,High,1
1313,Operations,Engineer,Night,Trusted,res353,Cloud App,Medium,0
1314,HR,Support,Morning,Trusted,res928,Cloud App,High,1
1315,IT,Manager,Afternoon,Trusted,res203,Database,Medium,1
1316,R&D,Support,Morning,Trusted,res858,Database,Medium,1
1317,R&D,Manager,Morning,Trusted,res615,Email System,Low,1
1318,R&D,Analyst,Evening,Trusted,res409,File Server,High,1
1319,Operations,Analyst,Evening,Trusted,res670,File Server,High,1
1320,R&D,Admin,Morning,Untrusted,res758,Cloud App,High,0
1321,Finance,Support,Night,Untrusted,res252,Email System,Medium,0
1322,R&D,Admin,Afternoon,Trusted,res407,File Server,Medium,1
1323,IT,Engineer,Night,Untrusted,res670,File Server,Medium,0
1324,HR,Analyst,Morning,Untrusted,res967,Email System,Low,1
1325,HR,Developer,Evening,Untrusted,res789,Database,Low,0
1326,R&D,Support,Afternoon,Untrusted,res313,Email System,Medium,1
1327,IT,Manager,Afternoon,Trusted,res864,Cloud App,Low,1
1328,R&D,Support,Afternoon,Untrusted,res345,Email System,Medium,0
1329,R&D,Support,Evening,Untrusted,res367,Email System,High,0
1330,Operations,Admin,Morning,Untrusted,res879,Email System,Low,1
1331,Finance,Analyst,Night,Trusted,res676,File Server,High,0
1332,Finance,Engineer,Night,Untrusted,res256,File Server,Medium,0
1333,R&D,Consultant,Afternoon,Untrusted,res663,Email System,Medium,1
1334,Operations,Support,Night,Untrusted,res272,Email System,Low,0
1335,R&D,Admin,Afternoon,Trusted,res636,Database,Low,1
1336,IT,Consultant,Morning,Untrusted,res240,File Server,Low,1
1337,IT,Manager,Night,Untrusted,res161,Cloud App,High,0
1338,Operations,Developer,Morning,Untrusted,res112,Database,High,0
1339,Finance,Engineer,Evening,Trusted,res614,Cloud App,Low,0
1340,IT,Engineer,Afternoon,Trusted,res296,Email System,Medium,0
1341,Operations,Developer,Evening,Untrusted,res570,File Server,High,0
1342,HR,Analyst,Morning,Trusted,res195,Cloud App,Medium,0
1343,Operations,Developer,Morning,Trusted,res184,Cloud App,Medium,1
1344,Finance,Engineer,Morning,Trusted,res335,File Server,High,1
1345,Operations,Analyst,Morning,Trusted,res800,Email System,High,1
1346,IT,Manager,Evening,Trusted,res312,File Server,High,1
1347,IT,Analyst,Afternoon,Trusted,res680,Cloud App,High,1
1348,Finance,Admin,Afternoon,Trusted,res612,Email System,Low,1
1349,IT,Admin,Afternoon,Trusted,res448,Cloud App,Medium,1
1350,IT,Support,Evening,Untrusted,res602,File Server,Medium,1
1351,Operations,Admin,Afternoon,Untrusted,res187,Email System,Low,1
1352,IT,Developer,Evening,Trusted,res489,File Server,High,0
1353,Finance,Developer,Morning,Trusted,res415,Cloud App,Medium,1
1354,IT,Manager,Morning,Trusted,res541,Cloud App,High,1
1355,Operations,Developer,Morning,Trusted,res462,Database,High,1
1356,Finance,Consultant,Night,Trusted,res398,Cloud App,Medium,1
1357,R&D,Manager,Afternoon,Untrusted,res273,File Server,Medium,1
1358,Finance,Analyst,Night,Trusted,res164,File Server,Medium,0
1359,Finance,Admin,Morning,Untrusted,res357,File Server,High,0
1360,Operations,Engineer,Afternoon,Untrusted,res209,File Server,Medium,0
1361,Operations,Analyst,Night,Untrusted,res550,Email System,Medium,1
1362,R&D,Manager,Evening,Untrusted,res717,File Server,Medium,1
1363,Finance,Manager,Night,Untrusted,res398,Cloud App,High,0
1364,HR,Analyst,Night,Untrusted,res936,Cloud App,Medium,0
1365,R&D,Manager,Afternoon,Trusted,res844,Cloud App,High,0
1366,Finance,Consultant,Morning,Untrusted,res789,Cloud App,Low,1
1367,HR,Analyst,Afternoon,Untrusted,res908,Cloud App,Low,1
1368,R&D,Admin,Night,Untrusted,res656,Database,Medium,1
1369,R&D,Engineer,Morning,Trusted,res887,File Server,High,1
1370,HR,Support,Morning,Untrusted,res870,Email System,Medium,0
1371,IT,Analyst,Afternoon,Trusted,res556,Email System,Medium,1
1372,R&D,Support,Afternoon,Untrusted,res125,Cloud App,Low,0
1373,IT,Developer,Afternoon,Untrusted,res419,Email System,Medium,1
1374,R&D,Admin,Evening,Untrusted,res199,Cloud App,High,0
1375,Operations,Analyst,Morning,Untrusted,res145,Database,Low,1
1376,IT,Support,Afternoon,Trusted,res628,File Server,High,0
1377,R&D,Admin,Night,Trusted,res916,Cloud App,High,0
1378,Operations,Admin,Morning,Trusted,res560,Cloud App,Medium,1
1379,IT,Support,Afternoon,Trusted,res385,Database,High,0
1380,R&D,Manager,Evening,Untrusted,res301,Cloud App,Low,1
1381,Finance,Support,Night,Untrusted,res711,Cloud App,High,0
1382,Operations,Engineer,Morning,Untrusted,res460,Cloud App,High,0
1383,HR,Consultant,Evening,Trusted,res788,File Server,Medium,0
1384,Finance,Developer,Afternoon,Untrusted,res810,File Server,High,0
1385,Operations,Admin,Afternoon,Untrusted,res533,File Server,Medium,1
1386,R&D,Support,Afternoon,Trusted,res601,Email System,Low,0
1387,Operations,Engineer,Morning,Untrusted,res109,Cloud App,Low,0
1388,Operations,Engineer,Night,Untrusted,res801,Cloud App,Medium,1
1389,Operations,Admin,Afternoon,Trusted,res678,Database,Low,1
1390,Finance,Developer,Evening,Trusted,res650,Email System,Low,1
1391,R&D,Support,Night,Trusted,res686,Database,Medium,1
1392,Finance,Engineer,Morning,Untrusted,res659,File Server,Medium,0
1393,HR,Analyst,Morning,Untrusted,res369,Email System,Low,1
1394,IT,Consultant,Afternoon,Trusted,res930,Email System,High,1
1395,Operations,Manager,Afternoon,Trusted,res933,File Server,Low,1
1396,R&D,Analyst,Evening,Trusted,res431,Email System,Medium,1
1397,R&D,Support,Morning,Trusted,res868,Cloud App,Low,1
1398,HR,Support,Afternoon,Trusted,res249,Email System,Low,1
1399,Operations,Admin,Afternoon,Untrusted,res742,Cloud App,Medium,1
1400,Operations,Developer,Morning,Untrusted,res627,Email System,High,0
1401,Finance,Admin,Night,Untrusted,res695,Database,High,0
1402,IT,Support,Night,Untrusted,res970,Database,High,0
1403,Operations,Manager,Night,Trusted,res606,Email System,Medium,1
1404,Finance,Analyst,Afternoon,Untrusted,res907,Email System,High,0
1405,IT,Developer,Morning,Untrusted,res116,Database,Low,1
1406,IT,Admin,Afternoon,Trusted,res765,Email System,Low,1
1407,Finance,Developer,Evening,Untrusted,res184,Email System,High,0
1408,HR,Developer,Night,Untrusted,res843,File Server,Medium,1
1409,IT,Developer,Afternoon,Untrusted,res179,File Server,High,0
1410,HR,Engineer,Night,Trusted,res108,Email System,Low,1
1411,Operations,Support,Afternoon,Untrusted,res172,File Server,Medium,0
1412,IT,Developer,Evening,Untrusted,res406,File Server,Medium,1
1413,HR,Support,Afternoon,Trusted,res643,Database,High,1
1414,Operations,Analyst,Afternoon,Trusted,res521,Cloud App,Low,0
1415,IT,Manager,Morning,Untrusted,res459,Cloud App,Medium,1
1416,HR,Manager,Evening,Trusted,res354,Email System,High,0
1417,Finance,Manager,Afternoon,Untrusted,res402,Database,Low,1
1418,Operations,Admin,Morning,Trusted,res611,Database,High,1
1419,IT,Analyst,Evening,Trusted,res496,Cloud App,Medium,1
1420,HR,Consultant,Night,Trusted,res117,Database,Low,0
1421,IT,Developer,Night,Untrusted,res743,Cloud App,Medium,1
1422,IT,Support,Afternoon,Untrusted,res185,Email System,Low,1
1423,HR,Consultant,Afternoon,Untrusted,res500,Database,Medium,1
1424,HR,Developer,Afternoon,Trusted,res544,Database,Medium,1
1425,IT,Analyst,Afternoon,Trusted,res112,File Server,High,0
1426,Operations,Analyst,Evening,Trusted,res480,File Server,High,1
1427,Finance,Support,Morning,Trusted,res443,Cloud App,Medium,1
1428,Finance,Support,Morning,Untrusted,res566,Email System,Low,1
1429,R&D,Manager,Evening,Trusted,res361,Database,High,1
1430,IT,Manager,Morning,Trusted,res979,Database,Low,1
1431,IT,Admin,Evening,Untrusted,res253,File Server,Low,1
1432,R&D,Consultant,Night,Trusted,res429,File Server,Medium,1
1433,Finance,Analyst,Morning,Untrusted,res222,Database,Low,0
1434,R&D,Developer,Night,Trusted,res998,Cloud App,Medium,1
1435,Finance,Analyst,Morning,Untrusted,res108,Email System,Low,0
1436,Finance,Support,Afternoon,Untrusted,res477,Cloud App,Low,1
1437,R&D,Consultant,Afternoon,Trusted,res106,Cloud App,Low,0
1438,Finance,Support,Morning,Untrusted,res101,Cloud App,High,0
1439,Finance,Developer,Afternoon,Trusted,res529,Cloud App,Low,1
1440,HR,Support,Evening,Trusted,res144,File Server,High,1
1441,Finance,Admin,Morning,Trusted,res617,File Server,High,1
1442,IT,Engineer,Morning,Untrusted,res778,File Server,Low,0
1443,Finance,Consultant,Night,Untrusted,res425,Cloud App,Medium,0
1444,HR,Manager,Morning,Trusted,res208,File Server,Medium,1
1445,Operations,Analyst,Night,Trusted,res648,Email System,Low,1
1446,Operations,Analyst,Morning,Trusted,res261,Email System,High,1
1447,IT,Manager,Evening,Trusted,res193,File Server,Medium,1
1448,Operations,Engineer,Morning,Untrusted,res366,File Server,Low,1
1449,Operations,Engineer,Afternoon,Trusted,res573,Database,Low,0
1450,IT,Consultant,Afternoon,Trusted,res302,Cloud App,Medium,1
1451,IT,Engineer,Evening,Trusted,res122,Database,Low,1
1452,Operations,Consultant,Afternoon,Trusted,res967,Email System,Low,0
1453,Operations,Developer,Afternoon,Untrusted,res941,Cloud App,Medium,0
1454,Operations,Manager,Evening,Trusted,res291,Email System,Medium,1
1455,Operations,Manager,Morning,Trusted,res762,Email System,Medium,1
1456,Operations,Engineer,Night,Trusted,res189,Email System,Medium,0
1457,HR,Support,Afternoon,Trusted,res491,Email System,Medium,1
1458,Operations,Analyst,Evening,Untrusted,res376,File Server,Low,0
1459,HR,Developer,Evening,Trusted,res928,Cloud App,High,0
1460,R&D,Manager,Afternoon,Trusted,res353,File Server,Medium,1
1461,R&D,Consultant,Morning,Trusted,res689,Cloud App,Medium,1
1462,HR,Manager,Afternoon,Untrusted,res925,Email System,High,0
1463,IT,Support,Evening,Trusted,res676,File Server,Medium,1
1464,HR,Admin,Morning,Trusted,res157,File Server,High,0
1465,R&D,Admin,Morning,Untrusted,res728,File Server,Low,1
1466,Finance,Support,Afternoon,Untrusted,res160,Database,Low,1
1467,HR,Consultant,Morning,Untrusted,res174,Email System,High,0
1468,Operations,Engineer,Morning,Untrusted,res409,Email System,Low,1
1469,Operations,Consultant,Night,Untrusted,res278,Email System,Low,1
1470,HR,Admin,Evening,Untrusted,res230,File Server,High,0
1471,IT,Support,Night,Trusted,res286,Email System,High,0
1472,R&D,Developer,Night,Trusted,res439,Database,Low,0
1473,Finance,Manager,Morning,Untrusted,res557,Database,Medium,1
1474,HR,Manager,Morning,Untrusted,res362,Database,High,0
1475,IT,Developer,Night,Untrusted,res850,Cloud App,Low,1
1476,Operations,Admin,Evening,Untrusted,res203,Cloud App,High,0
1477,HR,Manager,Night,Trusted,res918,Database,Medium,1
1478,IT,Analyst,Evening,Trusted,res175,Email System,Low,1
1479,HR,Support,Morning,Trusted,res446,Cloud App,High,0
1480,HR,Engineer,Night,Trusted,res154,Database,Medium,0
1481,HR,Admin,Evening,Untrusted,res404,File Server,Low,1
1482,IT,Admin,Night,Trusted,res155,Email System,Low,1
1483,Operations,Developer,Evening,Untrusted,res304,Database,Low,0
1484,Finance,Developer,Night,Trusted,res415,Cloud App,Medium,1
1485,Finance,Developer,Night,Trusted,res479,Cloud App,Medium,0
1486,IT,Analyst,Night,Untrusted,res369,File Server,Medium,1
1487,HR,Consultant,Morning,Trusted,res784,Email System,High,1
1488,R&D,Manager,Morning,Untrusted,res938,Cloud App,High,0
1489,Operations,Engineer,Afternoon,Untrusted,res406,Database,Medium,1
1490,IT,Engineer,Afternoon,Trusted,res875,Cloud App,Low,1
1491,HR,Manager,Afternoon,Trusted,res143,Cloud App,Low,1
1492,Operations,Manager,Afternoon,Untrusted,res427,Database,Low,1
1493,Operations,Engineer,Night,Untrusted,res977,Email System,High,0
1494,Operations,Consultant,Morning,Untrusted,res215,Cloud App,Low,0
1495,R&D,Engineer,Morning,Trusted,res676,Database,Medium,1
1496,Finance,Admin,Evening,Untrusted,res770,Cloud App,High,0
1497,R&D,Admin,Morning,Trusted,res382,Cloud App,Low,1
1498,R&D,Engineer,Night,Trusted,res505,Email System,High,0
1499,Operations,Analyst,Evening,Trusted,res445,Email System,Medium,0
1500,Operations,Consultant,Morning,Trusted,res237,Email System,High,1
1501,Finance,Analyst,Night,Trusted,res292,Cloud App,Low,1
1502,Operations,Support,Night,Untrusted,res940,Database,High,0
1503,HR,Developer,Evening,Untrusted,res238,Database,Low,0
1504,HR,Consultant,Morning,Trusted,res133,Cloud App,Low,1
1505,HR,Analyst,Evening,Untrusted,res617,Cloud App,High,0
1506,IT,Support,Morning,Trusted,res481,Cloud App,High,1
1507,Operations,Engineer,Evening,Untrusted,res267,Email System,High,0
1508,IT,Analyst,Morning,Untrusted,res150,File Server,High,0
1509,HR,Consultant,Afternoon,Trusted,res793,File Server,Medium,1
1510,R&D,Developer,Morning,Untrusted,res235,File Server,High,0
1511,IT,Manager,Evening,Untrusted,res829,Email System,Medium,1
1512,Operations,Consultant,Evening,Untrusted,res358,File Server,Medium,0
1513,R&D,Consultant,Night,Trusted,res107,Email System,High,1
1514,R&D,Analyst,Evening,Trusted,res593,Database,Medium,1
1515,Finance,Consultant,Evening,Untrusted,res771,Email System,Low,0
1516,HR,Developer,Night,Untrusted,res797,File Server,High,0
1517,IT,Support,Night,Untrusted,res365,Cloud App,Medium,0
1518,IT,Engineer,Afternoon,Untrusted,res843,File Server,High,0
1519,R&D,Support,Night,Untrusted,res619,Email System,Low,1
1520,R&D,Manager,Evening,Trusted,res582,File Server,High,0
1521,R&D,Consultant,Afternoon,Untrusted,res770,Database,Low,0
1522,Finance,Admin,Evening,Untrusted,res366,Email System,Medium,1
1523,IT,Admin,Morning,Trusted,res583,File Server,High,0
1524,Operations,Engineer,Evening,Untrusted,res155,File Server,Low,1
1525,Finance,Admin,Night,Trusted,res423,File Server,Low,1
1526,Operations,Analyst,Afternoon,Untrusted,res749,Database,Low,1
1527,HR,Consultant,Afternoon,Trusted,res601,Database,Low,1
1528,Operations,Admin,Night,Untrusted,res492,Database,Low,1
1529,R&D,Manager,Evening,Trusted,res429,File Server,Low,1
1530,IT,Support,Afternoon,Trusted,res810,Email System,Medium,0
1531,Operations,Engineer,Evening,Trusted,res166,Database,Medium,1
1532,Operations,Support,Evening,Untrusted,res803,File Server,Medium,1
1533,Operations,Analyst,Afternoon,Trusted,res931,Cloud App,Low,0
1534,HR,Manager,Morning,Trusted,res226,Email System,High,1
1535,IT,Admin,Evening,Trusted,res708,Database,High,0
1536,IT,Developer,Morning,Untrusted,res554,Cloud App,Low,1
1537,Operations,Support,Afternoon,Trusted,res811,Database,Medium,1
1538,IT,Support,Evening,Trusted,res528,Database,High,1
1539,IT,Analyst,Morning,Trusted,res609,File Server,High,0
1540,Finance,Consultant,Afternoon,Untrusted,res820,Cloud App,Medium,0
1541,R&D,Admin,Afternoon,Untrusted,res438,File Server,Low,1
1542,IT,Support,Morning,Trusted,res955,Cloud App,Low,1
1543,R&D,Developer,Morning,Untrusted,res759,File Server,Medium,1
1544,Finance,Analyst,Night,Trusted,res202,File Server,Low,1
1545,Finance,Consultant,Evening,Untrusted,res856,Database,Low,1
1546,IT,Developer,Afternoon,Trusted,res436,Email System,Medium,1
1547,Finance,Support,Morning,Untrusted,res934,Email System,Low,0
1548,Operations,Admin,Evening,Untrusted,res806,Cloud App,Medium,1
1549,HR,Developer,Afternoon,Trusted,res964,File Server,Low,1
1550,R&D,Admin,Night,Trusted,res725,Cloud App,Medium,1
1551,R&D,Developer,Afternoon,Untrusted,res599,Database,Medium,1
1552,IT,Analyst,Evening,Trusted,res821,File Server,High,1
1553,R&D,Engineer,Morning,Untrusted,res777,File Server,Medium,0
1554,Operations,Manager,Morning,Trusted,res758,File Server,High,1
1555,Operations,Consultant,Afternoon,Trusted,res869,Cloud App,Medium,0
1556,Finance,Developer,Afternoon,Untrusted,res512,File Server,Low,1
1557,R&D,Admin,Morning,Untrusted,res557,Email System,Low,1
1558,Operations,Support,Morning,Trusted,res513,Cloud App,Low,1
1559,IT,Consultant,Morning,Untrusted,res620,File Server,High,0
1560,Operations,Analyst,Evening,Trusted,res936,File Server,Medium,0
1561,R&D,Engineer,Night,Untrusted,res833,Cloud App,Low,0
1562,HR,Developer,Evening,Untrusted,res949,Email System,High,0
1563,R&D,Analyst,Morning,Trusted,res268,Cloud App,Low,1
1564,Operations,Developer,Evening,Trusted,res292,Database,Medium,0
1565,HR,Support,Evening,Trusted,res875,Cloud App,Low,1
1566,R&D,Developer,Night,Untrusted,res774,File Server,Medium,0
1567,IT,Engineer,Night,Untrusted,res620,File Server,High,0
1568,R&D,Manager,Afternoon,Trusted,res496,Email System,High,1
1569,Operations,Engineer,Afternoon,Untrusted,res507,Email System,Medium,1
1570,HR,Manager,Night,Untrusted,res963,Email System,High,0
1571,R&D,Support,Afternoon,Trusted,res314,Email System,High,0
1572,HR,Support,Afternoon,Untrusted,res827,Database,Medium,1
1573,R&D,Engineer,Night,Untrusted,res998,Cloud App,Low,1
1574,IT,Admin,Afternoon,Trusted,res786,Database,Low,1
1575,Finance,Consultant,Afternoon,Untrusted,res799,Email System,Low,1
1576,Finance,Manager,Morning,Untrusted,res933,Cloud App,Low,1
1577,R&D,Consultant,Afternoon,Untrusted,res343,Email System,High,0
1578,IT,Admin,Night,Untrusted,res907,Email System,High,0
1579,IT,Developer,Evening,Trusted,res735,Cloud App,Low,1
1580,Finance,Consultant,Afternoon,Trusted,res401,Cloud App,Low,1
1581,IT,Manager,Afternoon,Trusted,res486,Database,Medium,1
1582,Finance,Engineer,Evening,Trusted,res264,Email System,Low,0
1583,HR,Developer,Afternoon,Untrusted,res711,Database,High,0
1584,R&D,Consultant,Evening,Untrusted,res908,Email System,Low,1
1585,Finance,Engineer,Afternoon,Trusted,res633,Database,High,0
1586,R&D,Engineer,Night,Trusted,res457,File Server,Low,1
1587,Finance,Analyst,Evening,Trusted,res870,Cloud App,High,1
1588,IT,Developer,Evening,Untrusted,res346,File Server,Low,1
1589,Finance,Admin,Morning,Untrusted,res362,Email System,Low,1
1590,R&D,Consultant,Evening,Untrusted,res598,Database,Medium,1
1591,HR,Analyst,Morning,Trusted,res271,Database,High,0
1592,HR,Consultant,Night,Trusted,res310,Cloud App,High,1
1593,IT,Support,Afternoon,Trusted,res570,Email System,Low,0
1594,IT,Manager,Evening,Trusted,res688,File Server,Medium,1
1595,Operations,Admin,Night,Untrusted,res543,Email System,Low,1
1596,Operations,Support,Morning,Trusted,res756,Database,High,1
1597,IT,Analyst,Morning,Untrusted,res905,Email System,High,0
1598,IT,Analyst,Night,Untrusted,res504,Database,Medium,0
1599,HR,Manager,Night,Untrusted,res749,File Server,Medium,1
1600,Finance,Developer,Afternoon,Trusted,res142,Database,High,1
1601,R&D,Engineer,Morning,Untrusted,res315,Email System,Low,1
1602,R&D,Manager,Afternoon,Trusted,res326,Email System,Low,1
1603,IT,Manager,Morning,Untrusted,res760,Database,Medium,1
1604,IT,Analyst,Morning,Trusted,res843,Cloud App,Medium,0
1605,HR,Developer,Evening,Trusted,res298,Email System,Medium,1
1606,R&D,Support,Evening,Trusted,res679,Email System,Medium,1
1607,HR,Developer,Evening,Trusted,res904,File Server,High,1
1608,Operations,Analyst,Evening,Trusted,res795,Email System,Medium,1
1609,Finance,Consultant,Evening,Untrusted,res664,Database,Low,1
1610,IT,Consultant,Evening,Trusted,res651,File Server,Medium,1
1611,IT,Support,Morning,Trusted,res969,Database,High,1
1612,R&D,Manager,Morning,Untrusted,res656,Cloud App,High,0
1613,HR,Analyst,Night,Trusted,res890,Email System,Low,1
1614,R&D,Developer,Night,Untrusted,res614,Database,High,0
1615,HR,Consultant,Afternoon,Trusted,res556,File Server,Low,1
1616,R&D,Support,Afternoon,Untrusted,res467,Database,Low,1
1617,HR,Developer,Evening,Untrusted,res339,Database,High,0
1618,HR,Engineer,Evening,Untrusted,res580,Cloud App,Low,0
1619,Finance,Developer,Evening,Untrusted,res692,File Server,Medium,1
1620,Finance,Engineer,Morning,Untrusted,res485,File Server,High,0
1621,Operations,Analyst,Evening,Untrusted,res911,Cloud App,High,0
1622,IT,Engineer,Afternoon,Untrusted,res269,File Server,Low,1
1623,Finance,Manager,Afternoon,Trusted,res261,Email System,High,1
1624,IT,Support,Afternoon,Untrusted,res930,Email System,High,0
1625,IT,Admin,Night,Untrusted,res315,File Server,High,0
1626,Operations,Developer,Afternoon,Trusted,res230,File Server,Low,1
1627,IT,Engineer,Afternoon,Trusted,res270,Email System,Low,1
1628,Operations,Engineer,Morning,Untrusted,res187,File Server,Medium,1
1629,Operations,Consultant,Night,Trusted,res324,Cloud App,High,0
1630,R&D,Consultant,Afternoon,Untrusted,res271,Email System,Medium,1
1631,IT,Manager,Night,Untrusted,res235,Database,Low,1
1632,HR,Engineer,Night,Trusted,res720,Database,Low,1
1633,R&D,Engineer,Morning,Trusted,res195,Cloud App,High,0
1634,R&D,Engineer,Morning,Untrusted,res634,Cloud App,Medium,1
1635,R&D,Admin,Afternoon,Untrusted,res908,Cloud App,Medium,1
1636,R&D,Consultant,Morning,Untrusted,res237,Email System,Medium,1
1637,IT,Analyst,Night,Untrusted,res293,Database,High,0
1638,IT,Engineer,Morning,Trusted,res484,File Server,High,1
1639,Operations,Analyst,Morning,Trusted,res536,Email System,Medium,1
1640,Operations,Engineer,Evening,Untrusted,res796,Cloud App,Low,1
1641,R&D,Admin,Afternoon,Untrusted,res672,Cloud App,Medium,1
1642,Finance,Engineer,Evening,Untrusted,res853,File Server,High,0
1643,IT,Support,Afternoon,Untrusted,res901,File Server,Low,0
1644,Operations,Consultant,Evening,Trusted,res264,Cloud App,High,0
1645,IT,Consultant,Afternoon,Untrusted,res714,Cloud App,Low,0
1646,HR,Analyst,Morning,Trusted,res841,Cloud App,Medium,1
1647,R&D,Analyst,Morning,Trusted,res755,Cloud App,Medium,0
1648,R&D,Analyst,Afternoon,Trusted,res902,File Server,High,0
1649,IT,Analyst,Afternoon,Trusted,res261,Database,Medium,1
1650,Finance,Support,Night,Untrusted,res700,File Server,High,0
1651,IT,Support,Morning,Trusted,res662,Email System,High,1
1652,R&D,Analyst,Evening,Untrusted,res331,File Server,Medium,1
1653,R&D,Developer,Evening,Trusted,res516,Database,High,0
1654,Finance,Analyst,Morning,Untrusted,res997,Email System,High,0
1655,Operations,Admin,Night,Trusted,res875,Email System,Medium,1
1656,Operations,Engineer,Morning,Untrusted,res219,Email System,Low,0
1657,HR,Support,Afternoon,Untrusted,res522,Email System,High,0
1658,R&D,Developer,Evening,Trusted,res394,Database,Medium,1
1659,Finance,Developer,Afternoon,Untrusted,res421,Email System,Low,1
1660,Finance,Manager,Afternoon,Untrusted,res854,File Server,Low,1
1661,HR,Consultant,Evening,Trusted,res334,File Server,Low,1
1662,Finance,Manager,Morning,Trusted,res180,Cloud App,High,0
1663,R&D,Developer,Night,Untrusted,res735,Email System,Medium,1
1664,R&D,Consultant,Evening,Untrusted,res287,Email System,Medium,0
1665,R&D,Manager,Morning,Untrusted,res589,Database,High,0
1666,Finance,Admin,Afternoon,Untrusted,res223,Cloud App,Medium,1
1667,IT,Developer,Afternoon,Untrusted,res694,Database,Medium,0
1668,Finance,Manager,Evening,Trusted,res375,Cloud App,High,0
1669,HR,Admin,Night,Trusted,res529,Email System,Medium,1
1670,Operations,Analyst,Night,Trusted,res685,File Server,High,1
1671,IT,Support,Evening,Trusted,res668,Cloud App,Medium,0
1672,HR,Admin,Morning,Trusted,res531,Cloud App,Low,1
1673,R&D,Engineer,Evening,Untrusted,res407,Email System,High,0
1674,R&D,Developer,Night,Trusted,res807,File Server,Low,0
1675,Finance,Admin,Morning,Untrusted,res862,Email System,Medium,1
1676,Finance,Analyst,Evening,Untrusted,res120,Cloud App,Low,0
1677,R&D,Manager,Afternoon,Untrusted,res463,Email System,High,0
1678,R&D,Admin,Night,Trusted,res490,Email System,Medium,1
1679,HR,Consultant,Afternoon,Untrusted,res531,Cloud App,Low,0
1680,Finance,Manager,Evening,Untrusted,res768,Email System,High,0
1681,Finance,Engineer,Night,Untrusted,res555,Email System,High,0
1682,R&D,Engineer,Night,Untrusted,res271,File Server,Low,0
1683,HR,Support,Evening,Trusted,res315,File Server,Medium,0
1684,IT,Admin,Morning,Trusted,res889,Cloud App,High,1
1685,IT,Developer,Evening,Trusted,res186,Cloud App,Medium,0
1686,Finance,Admin,Afternoon,Trusted,res639,File Server,Low,1
1687,IT,Support,Evening,Untrusted,res984,Cloud App,Medium,1
1688,R&D,Analyst,Night,Trusted,res814,File Server,High,1
1689,R&D,Admin,Evening,Untrusted,res593,File Server,Low,1
1690,Operations,Analyst,Evening,Untrusted,res366,File Server,Medium,0
1691,R&D,Consultant,Afternoon,Untrusted,res393,Cloud App,High,0
1692,IT,Support,Night,Untrusted,res406,Database,Medium,1
1693,R&D,Manager,Morning,Untrusted,res293,Cloud App,High,0
1694,Operations,Admin,Afternoon,Trusted,res832,Cloud App,Medium,1
1695,HR,Analyst,Morning,Untrusted,res740,File Server,High,0
1696,R&D,Consultant,Evening,Untrusted,res764,Email System,Medium,0
1697,IT,Manager,Afternoon,Untrusted,res213,Cloud App,High,0
1698,Operations,Analyst,Night,Trusted,res428,Database,Low,0
1699,R&D,Developer,Afternoon,Trusted,res388,Email System,Low,1
1700,IT,Manager,Morning,Trusted,res115,Cloud App,Low,1
1701,Finance,Admin,Evening,Untrusted,res480,Cloud App,High,0
1702,IT,Analyst,Morning,Trusted,res157,Email System,Medium,0
1703,Operations,Manager,Afternoon,Untrusted,res936,Cloud App,Low,1
1704,IT,Consultant,Afternoon,Untrusted,res889,Cloud App,Low,1
1705,IT,Manager,Night,Trusted,res633,File Server,Medium,1
1706,Operations,Support,Evening,Untrusted,res262,Database,High,0
1707,R&D,Engineer,Morning,Untrusted,res592,Email System,Low,0
1708,IT,Consultant,Afternoon,Trusted,res341,Cloud App,Medium,0
1709,Finance,Engineer,Morning,Untrusted,res908,File Server,Low,1
1710,R&D,Consultant,Night,Trusted,res480,Database,Low,0
1711,IT,Support,Evening,Trusted,res161,Email System,High,0
1712,R&D,Consultant,Morning,Trusted,res599,File Server,Medium,1
1713,Finance,Consultant,Night,Trusted,res121,Cloud App,Medium,1
1714,Finance,Developer,Night,Untrusted,res672,Email System,High,0
1715,Operations,Manager,Afternoon,Untrusted,res431,Cloud App,Medium,1
1716,R&D,Consultant,Afternoon,Trusted,res643,File Server,Medium,0
1717,Finance,Engineer,Evening,Untrusted,res100,Cloud App,High,0
1718,HR,Developer,Evening,Trusted,res428,Database,High,1
1719,Operations,Manager,Night,Trusted,res727,Email System,Medium,1
1720,Operations,Support,Evening,Trusted,res198,Database,Low,1
1721,HR,Manager,Morning,Trusted,res209,Cloud App,Low,1
1722,IT,Developer,Night,Untrusted,res638,Email System,Low,0
1723,R&D,Support,Morning,Trusted,res313,Cloud App,Low,1
1724,IT,Analyst,Night,Untrusted,res913,Database,High,0
1725,Finance,Engineer,Morning,Trusted,res954,Email System,Low,1
1726,R&D,Developer,Morning,Trusted,res644,Cloud App,Low,0
1727,HR,Engineer,Afternoon,Untrusted,res864,Database,High,0
1728,R&D,Analyst,Night,Untrusted,res206,File Server,Low,1
1729,R&D,Analyst,Afternoon,Untrusted,res460,Email System,High,0
1730,Finance,Consultant,Evening,Untrusted,res882,Cloud App,High,0
1731,Finance,Engineer,Afternoon,Trusted,res484,Email System,Medium,1
1732,Operations,Admin,Morning,Trusted,res391,Database,High,0
1733,Finance,Developer,Evening,Trusted,res319,Email System,Low,1
1734,Finance,Engineer,Afternoon,Trusted,res138,Cloud App,Medium,0
1735,Finance,Analyst,Afternoon,Trusted,res362,Email System,Low,1
1736,R&D,Manager,Morning,Untrusted,res911,Cloud App,Low,1
1737,Operations,Consultant,Morning,Untrusted,res138,Cloud App,Low,1
1738,Finance,Analyst,Night,Untrusted,res988,Database,Low,1
1739,R&D,Developer,Night,Trusted,res412,Database,Medium,1
1740,HR,Analyst,Afternoon,Trusted,res151,Cloud App,Medium,1
1741,R&D,Engineer,Morning,Trusted,res542,Email System,Medium,0
1742,Finance,Developer,Night,Trusted,res661,Cloud App,Medium,0
1743,R&D,Admin,Afternoon,Trusted,res592,File Server,Medium,1
1744,Operations,Support,Afternoon,Trusted,res348,Database,Medium,1
1745,Finance,Support,Morning,Trusted,res787,Cloud App,Medium,0
1746,HR,Analyst,Evening,Trusted,res888,Email System,Low,1
1747,R&D,Consultant,Night,Trusted,res551,Database,Low,0
1748,Finance,Manager,Morning,Trusted,res857,Database,Low,1
1749,R&D,Manager,Evening,Trusted,res451,Database,Medium,1
1750,Operations,Admin,Morning,Untrusted,res314,File Server,Low,1
1751,R&D,Engineer,Evening,Untrusted,res737,File Server,High,0
1752,IT,Admin,Morning,Untrusted,res274,Database,Medium,1
1753,HR,Consultant,Evening,Trusted,res576,Database,Low,0
1754,Finance,Support,Evening,Trusted,res119,Email System,High,0
1755,Operations,Engineer,Morning,Untrusted,res596,Database,Low,0
1756,Operations,Engineer,Morning,Trusted,res353,Email System,Medium,1
1757,HR,Developer,Evening,Untrusted,res463,Email System,Low,1
1758,R&D,Analyst,Morning,Untrusted,res999,Cloud App,Low,1
1759,Finance,Manager,Afternoon,Untrusted,res502,File Server,Low,1
1760,Operations,Engineer,Afternoon,Untrusted,res346,File Server,Medium,1
1761,R&D,Analyst,Night,Trusted,res311,File Server,High,1
1762,HR,Consultant,Afternoon,Untrusted,res805,File Server,Medium,1
1763,HR,Support,Afternoon,Untrusted,res169,Database,Low,0
1764,HR,Support,Morning,Untrusted,res523,Cloud App,Medium,1
1765,Finance,Manager,Afternoon,Trusted,res234,File Server,Low,1
1766,R&D,Engineer,Evening,Trusted,res710,File Server,Low,1
1767,Finance,Developer,Night,Trusted,res614,Cloud App,High,1
1768,HR,Consultant,Night,Untrusted,res585,File Server,Low,0
1769,IT,Admin,Morning,Untrusted,res522,File Server,High,0
1770,HR,Consultant,Afternoon,Trusted,res281,Cloud App,High,1
1771,Finance,Consultant,Night,Trusted,res537,Cloud App,Low,1
1772,Operations,Support,Evening,Untrusted,res726,Database,High,0
1773,IT,Admin,Night,Trusted,res998,File Server,High,1
1774,IT,Engineer,Night,Trusted,res294,Email System,Medium,0
1775,Finance,Consultant,Evening,Untrusted,res270,Cloud App,Medium,1
1776,IT,Support,Afternoon,Untrusted,res949,Cloud App,Low,1
1777,IT,Manager,Afternoon,Untrusted,res523,Email System,Medium,1
1778,IT,Manager,Night,Trusted,res565,Database,Medium,1
1779,Finance,Support,Afternoon,Trusted,res193,Database,High,1
1780,Finance,Developer,Night,Trusted,res487,Cloud App,Low,1
1781,Finance,Engineer,Afternoon,Trusted,res989,File Server,Low,1
1782,IT,Admin,Evening,Untrusted,res847,Cloud App,Medium,1
1783,HR,Developer,Afternoon,Trusted,res103,Email System,Low,1
1784,Operations,Engineer,Morning,Untrusted,res343,File Server,High,0
1785,Operations,Admin,Night,Untrusted,res181,Database,Low,1
1786,R&D,Analyst,Afternoon,Trusted,res289,File Server,Low,1
1787,IT,Manager,Morning,Untrusted,res439,Database,Low,1
1788,IT,Admin,Afternoon,Trusted,res788,Email System,High,1
1789,R&D,Engineer,Afternoon,Untrusted,res867,Email System,Low,0
1790,Finance,Analyst,Evening,Untrusted,res939,Database,Medium,1
1791,IT,Analyst,Night,Trusted,res224,Email System,Medium,1
1792,R&D,Manager,Afternoon,Trusted,res211,Database,Medium,1
1793,R&D,Consultant,Evening,Untrusted,res723,Email System,Medium,1
1794,R&D,Analyst,Afternoon,Untrusted,res632,Cloud App,Medium,1
1795,R&D,Manager,Evening,Trusted,res101,Database,Low,1
1796,Operations,Support,Morning,Trusted,res918,Cloud App,Medium,0
1797,Finance,Engineer,Afternoon,Trusted,res755,File Server,High,0
1798,IT,Analyst,Evening,Untrusted,res885,Database,Low,1
1799,Finance,Admin,Morning,Trusted,res298,Email System,Medium,1
1800,Operations,Admin,Morning,Trusted,res593,File Server,High,1
1801,R&D,Analyst,Night,Untrusted,res860,Database,High,0
1802,Finance,Engineer,Evening,Trusted,res313,Email System,Medium,0
1803,HR,Analyst,Morning,Untrusted,res484,File Server,High,0
1804,R&D,Admin,Afternoon,Trusted,res985,Email System,High,1
1805,IT,Analyst,Night,Trusted,res608,File Server,Medium,1
1806,Finance,Manager,Evening,Trusted,res214,Email System,Low,1
1807,HR,Developer,Night,Trusted,res918,Cloud App,High,0
1808,Finance,Admin,Evening,Untrusted,res246,Database,High,0
1809,HR,Manager,Morning,Untrusted,res496,Database,Low,1
1810,Finance,Developer,Morning,Untrusted,res578,Database,Low,1
1811,Finance,Developer,Evening,Trusted,res428,File Server,Low,0
1812,R&D,Analyst,Night,Trusted,res379,File Server,Low,0
1813,IT,Engineer,Morning,Trusted,res655,Email System,High,0
1814,HR,Support,Evening,Trusted,res275,Database,Medium,1
1815,Finance,Engineer,Night,Trusted,res233,Database,Medium,1
1816,IT,Developer,Night,Trusted,res188,Cloud App,Medium,0
1817,R&D,Engineer,Night,Untrusted,res419,Email System,Low,1
1818,R&D,Developer,Night,Trusted,res195,Cloud App,Low,1
1819,Operations,Admin,Afternoon,Trusted,res247,Email System,Medium,1
1820,Operations,Manager,Evening,Untrusted,res564,Cloud App,Low,1
1821,IT,Admin,Morning,Untrusted,res590,Cloud App,Low,1
1822,Finance,Consultant,Evening,Trusted,res620,Database,Medium,1
1823,IT,Analyst,Morning,Untrusted,res645,Cloud App,Medium,1
1824,HR,Engineer,Afternoon,Trusted,res593,Cloud App,Low,0
1825,R&D,Admin,Night,Untrusted,res657,File Server,Low,1
1826,IT,Support,Night,Trusted,res706,Cloud App,Medium,1
1827,Operations,Manager,Evening,Untrusted,res171,Database,High,0
1828,R&D,Consultant,Night,Untrusted,res606,Database,Low,0
1829,HR,Engineer,Morning,Trusted,res776,File Server,Medium,1
1830,Operations,Engineer,Night,Trusted,res310,Email System,Medium,1
1831,Finance,Admin,Evening,Trusted,res696,Database,High,1
1832,Operations,Consultant,Afternoon,Untrusted,res163,Email System,High,0
1833,IT,Developer,Evening,Trusted,res981,Email System,Low,0
1834,R&D,Admin,Evening,Untrusted,res515,Cloud App,Medium,1
1835,R&D,Manager,Afternoon,Untrusted,res242,File Server,High,0
1836,Operations,Consultant,Evening,Untrusted,res257,Email System,High,0
1837,HR,Manager,Morning,Trusted,res763,Database,Low,1
1838,Operations,Support,Night,Trusted,res186,File Server,High,1
1839,Operations,Consultant,Night,Trusted,res565,Cloud App,High,1
1840,Operations,Analyst,Afternoon,Trusted,res534,Database,High,1
1841,HR,Support,Evening,Untrusted,res659,Email System,Low,1
1842,R&D,Admin,Evening,Trusted,res694,Cloud App,High,0
1843,R&D,Consultant,Evening,Untrusted,res629,Database,High,0
1844,R&D,Developer,Afternoon,Untrusted,res745,Database,High,0
1845,R&D,Consultant,Evening,Trusted,res451,Database,Medium,1
1846,Operations,Engineer,Evening,Untrusted,res461,Email System,Medium,0
1847,R&D,Support,Evening,Untrusted,res162,Cloud App,High,0
1848,HR,Engineer,Morning,Untrusted,res928,Database,Medium,1
1849,HR,Engineer,Morning,Untrusted,res358,File Server,High,0
1850,Finance,Analyst,Evening,Trusted,res859,Database,High,0
1851,R&D,Support,Afternoon,Untrusted,res478,File Server,Medium,1
1852,HR,Admin,Afternoon,Trusted,res451,Database,Low,1
1853,R&D,Consultant,Afternoon,Untrusted,res870,Cloud App,Medium,0
1854,Operations,Support,Afternoon,Trusted,res691,Email System,Low,1
1855,IT,Developer,Afternoon,Untrusted,res508,Cloud App,Medium,1
1856,R&D,Manager,Night,Untrusted,res585,Email System,Low,1
1857,R&D,Consultant,Night,Trusted,res395,Cloud App,Medium,1
1858,R&D,Support,Morning,Trusted,res644,Email System,Medium,1
1859,Finance,Analyst,Evening,Untrusted,res921,Database,Medium,1
1860,Operations,Admin,Afternoon,Trusted,res632,Email System,High,1
1861,HR,Analyst,Morning,Trusted,res951,Database,Low,1
1862,R&D,Developer,Night,Untrusted,res324,Email System,Medium,0
1863,IT,Engineer,Morning,Trusted,res708,File Server,High,1
1864,IT,Developer,Afternoon,Untrusted,res772,File Server,Low,1
1865,Finance,Analyst,Night,Trusted,res754,Cloud App,Medium,1
1866,Finance,Analyst,Afternoon,Trusted,res383,Database,Medium,0
1867,IT,Analyst,Evening,Trusted,res551,Database,Medium,1
1868,HR,Engineer,Night,Trusted,res760,Cloud App,Low,0
1869,Operations,Manager,Morning,Untrusted,res832,Email System,Low,1
1870,IT,Developer,Morning,Untrusted,res895,Cloud App,Low,1
1871,HR,Support,Morning,Trusted,res780,Cloud App,Medium,0
1872,Finance,Admin,Morning,Untrusted,res589,Cloud App,Medium,1
1873,IT,Engineer,Afternoon,Trusted,res493,Cloud App,Low,1
1874,Finance,Analyst,Evening,Untrusted,res156,Database,Medium,1
1875,Finance,Developer,Night,Untrusted,res763,File Server,Low,1
1876,Operations,Support,Afternoon,Untrusted,res812,Cloud App,Low,1
1877,Finance,Admin,Morning,Untrusted,res852,File Server,Low,1
1878,IT,Manager,Morning,Trusted,res600,Cloud App,Low,1
1879,R&D,Support,Evening,Untrusted,res646,Cloud App,Low,0
1880,IT,Analyst,Morning,Untrusted,res221,File Server,High,0
1881,R&D,Admin,Afternoon,Trusted,res173,Database,High,0
1882,IT,Admin,Morning,Trusted,res818,File Server,Low,1
1883,HR,Support,Morning,Untrusted,res940,Database,Medium,1
1884,R&D,Developer,Morning,Trusted,res609,File Server,Low,1
1885,Operations,Analyst,Night,Untrusted,res223,File Server,Medium,1
1886,HR,Consultant,Morning,Trusted,res443,Database,Low,0
1887,Operations,Manager,Evening,Trusted,res549,File Server,High,0
1888,IT,Consultant,Night,Trusted,res116,Cloud App,Low,0
1889,HR,Developer,Evening,Untrusted,res810,Cloud App,High,0
1890,HR,Manager,Afternoon,Untrusted,res635,Cloud App,Medium,1
1891,HR,Manager,Morning,Trusted,res834,Cloud App,High,1
1892,Finance,Analyst,Night,Trusted,res671,File Server,Low,0
1893,R&D,Developer,Evening,Trusted,res575,File Server,Medium,0
1894,IT,Consultant,Afternoon,Untrusted,res609,File Server,Low,1
1895,IT,Developer,Evening,Untrusted,res314,Cloud App,Medium,0
1896,Operations,Developer,Morning,Trusted,res650,File Server,Low,1
1897,Operations,Engineer,Morning,Trusted,res340,Cloud App,High,1
1898,Operations,Manager,Evening,Trusted,res897,Database,Medium,1
1899,HR,Developer,Afternoon,Untrusted,res990,File Server,Medium,1
1900,IT,Admin,Night,Trusted,res546,File Server,Low,1
1901,R&D,Admin,Afternoon,Untrusted,res482,File Server,Medium,1
1902,HR,Support,Evening,Untrusted,res307,Email System,Low,0
1903,R&D,Developer,Evening,Trusted,res213,Cloud App,Medium,1
1904,Finance,Manager,Evening,Trusted,res908,File Server,High,1
1905,HR,Developer,Night,Untrusted,res982,File Server,High,0
1906,Operations,Consultant,Night,Untrusted,res114,Cloud App,High,0
1907,HR,Manager,Evening,Untrusted,res693,File Server,High,0
1908,HR,Engineer,Morning,Untrusted,res145,Database,Medium,1
1909,R&D,Developer,Night,Untrusted,res590,Database,Medium,1
1910,IT,Engineer,Morning,Untrusted,res323,File Server,Medium,0
1911,IT,Developer,Night,Untrusted,res265,Cloud App,High,0
1912,R&D,Developer,Night,Untrusted,res890,File Server,High,0
1913,Operations,Manager,Evening,Untrusted,res820,Database,High,0
1914,IT,Admin,Evening,Trusted,res403,Cloud App,Medium,1
1915,R&D,Engineer,Afternoon,Trusted,res735,Email System,High,1
1916,R&D,Support,Evening,Trusted,res213,Cloud App,Medium,1
1917,IT,Analyst,Evening,Trusted,res763,Database,High,1
1918,HR,Manager,Evening,Trusted,res652,Database,High,1
1919,R&D,Consultant,Afternoon,Trusted,res428,Email System,Medium,1
1920,Operations,Analyst,Morning,Trusted,res481,Email System,Medium,1
1921,R&D,Consultant,Morning,Untrusted,res826,Email System,Medium,1
1922,IT,Manager,Night,Trusted,res182,Cloud App,Low,1
1923,Finance,Developer,Morning,Trusted,res382,Database,High,0
1924,HR,Consultant,Afternoon,Trusted,res400,Cloud App,High,1
1925,HR,Admin,Evening,Untrusted,res554,Database,Medium,1
1926,HR,Developer,Morning,Trusted,res954,Email System,Medium,1
1927,Finance,Admin,Night,Untrusted,res411,File Server,Medium,1
1928,HR,Consultant,Evening,Trusted,res595,Email System,Medium,1
1929,IT,Manager,Evening,Untrusted,res566,File Server,High,0
1930,HR,Support,Evening,Trusted,res279,File Server,Low,0
1931,IT,Analyst,Afternoon,Untrusted,res366,Email System,Low,0
1932,IT,Support,Evening,Untrusted,res251,Email System,Medium,1
1933,HR,Engineer,Evening,Trusted,res125,Cloud App,Medium,1
1934,Operations,Analyst,Afternoon,Trusted,res856,Email System,High,1
1935,Operations,Analyst,Afternoon,Untrusted,res446,Database,High,0
1936,Operations,Developer,Afternoon,Trusted,res415,Database,Medium,1
1937,HR,Admin,Evening,Trusted,res434,Database,High,1
1938,R&D,Engineer,Afternoon,Untrusted,res300,Database,Low,1
1939,Operations,Support,Morning,Untrusted,res299,Cloud App,Medium,1
1940,R&D,Developer,Evening,Untrusted,res251,Cloud App,Medium,0
1941,IT,Analyst,Evening,Untrusted,res415,Cloud App,High,0
1942,IT,Manager,Night,Untrusted,res922,Cloud App,Medium,1
1943,HR,Consultant,Night,Untrusted,res242,Database,Low,0
1944,Operations,Consultant,Evening,Trusted,res704,Cloud App,Low,0
1945,Finance,Admin,Afternoon,Untrusted,res827,File Server,Low,1
1946,HR,Consultant,Night,Untrusted,res667,Cloud App,Low,1
1947,Finance,Consultant,Evening,Untrusted,res672,Cloud App,Low,0
1948,IT,Manager,Evening,Untrusted,res755,Cloud App,Low,1
1949,Finance,Admin,Afternoon,Untrusted,res804,File Server,Low,1
1950,IT,Consultant,Evening,Untrusted,res168,Email System,High,0
1951,Operations,Engineer,Night,Untrusted,res743,Cloud App,High,0
1952,IT,Analyst,Morning,Untrusted,res266,Database,Low,0
1953,HR,Analyst,Afternoon,Trusted,res379,Email System,Medium,1
1954,Finance,Developer,Evening,Untrusted,res642,Database,High,0
1955,HR,Consultant,Afternoon,Trusted,res713,File Server,High,0
1956,Finance,Consultant,Evening,Untrusted,res801,Email System,Low,1
1957,Finance,Consultant,Afternoon,Trusted,res240,Email System,Medium,1
1958,Operations,Analyst,Afternoon,Trusted,res323,File Server,High,0
1959,HR,Consultant,Morning,Untrusted,res571,Database,Low,1
1960,IT,Admin,Evening,Untrusted,res807,Email System,Low,1
1961,Operations,Engineer,Evening,Trusted,res826,Email System,Low,1
1962,IT,Manager,Afternoon,Trusted,res804,File Server,Medium,1
1963,HR,Manager,Afternoon,Trusted,res535,Database,Low,1
1964,IT,Consultant,Night,Untrusted,res143,File Server,Low,0
1965,R&D,Engineer,Morning,Untrusted,res221,Email System,Low,0
1966,IT,Consultant,Morning,Trusted,res716,File Server,High,1
1967,HR,Support,Evening,Trusted,res192,File Server,High,1
1968,R&D,Analyst,Evening,Trusted,res975,File Server,High,1
1969,IT,Consultant,Morning,Trusted,res832,File Server,Medium,0
1970,R&D,Developer,Morning,Trusted,res616,Cloud App,Medium,1
1971,HR,Admin,Morning,Trusted,res954,Email System,Medium,1
1972,Operations,Manager,Afternoon,Untrusted,res215,Email System,Low,1
1973,Operations,Developer,Afternoon,Untrusted,res880,Email System,High,0
1974,Finance,Engineer,Morning,Trusted,res435,Cloud App,Low,0
1975,Operations,Engineer,Evening,Untrusted,res331,Cloud App,Medium,1
1976,Operations,Manager,Morning,Untrusted,res795,Email System,Low,1
1977,IT,Support,Night,Trusted,res505,Cloud App,High,1
1978,IT,Developer,Afternoon,Untrusted,res510,Database,High,0
1979,HR,Developer,Evening,Trusted,res446,File Server,High,1
1980,Operations,Developer,Afternoon,Untrusted,res842,Cloud App,Medium,1
1981,R&D,Engineer,Evening,Untrusted,res464,Cloud App,High,0
1982,R&D,Admin,Night,Untrusted,res250,Cloud App,Low,1
1983,IT,Analyst,Night,Untrusted,res336,File Server,Low,0
1984,IT,Consultant,Morning,Untrusted,res794,Database,Low,0
1985,Finance,Manager,Evening,Trusted,res878,Database,High,1
1986,Operations,Consultant,Night,Trusted,res400,Cloud App,Medium,1
1987,R&D,Analyst,Morning,Trusted,res540,Database,Medium,1
1988,Operations,Admin,Night,Trusted,res133,File Server,High,1
1989,Finance,Support,Afternoon,Untrusted,res541,File Server,Medium,1
1990,Operations,Consultant,Morning,Untrusted,res775,Cloud App,Medium,1
1991,HR,Engineer,Morning,Untrusted,res369,Cloud App,High,0
1992,Operations,Engineer,Evening,Untrusted,res428,Database,Low,1
1993,HR,Consultant,Evening,Untrusted,res928,Database,High,0
1994,Finance,Admin,Morning,Untrusted,res453,Email System,Medium,1
1995,Finance,Developer,Afternoon,Trusted,res340,Email System,High,0
1996,IT,Consultant,Evening,Trusted,res445,File Server,Low,1
1997,IT,Admin,Night,Untrusted,res373,Database,High,0
1998,Operations,Engineer,Morning,Untrusted,res486,Cloud App,Medium,1
1999,Operations,Developer,Afternoon,Untrusted,res608,Email System,Low,1
2000,Finance,Admin,Afternoon,Untrusted,res750,Database,High,0
